text,predicted_topic,true_topic
RT @adrozd83: #–ö–∏—ó–≤ / #Kyiv https://t.co/V5UYsHz3RZ,–ø–æ–ª—ñ—Ç–∏–∫–∞,–ø–æ–ª—ñ—Ç–∏–∫–∞
"üèôÔ∏èüëÄüïµÔ∏è‚Äç‚ôÄÔ∏è –§—É—Ç–±–æ–ª–∫–∞ ""–í—ñ–∫–Ω–æ. –°—É—Å—ñ–¥–∏ ‚Äî –∑–∞–≥–∞–¥–∫–∞. –ü–æ–≥–ª—è–¥ –Ω–∞ –º—ñ—Å—å–∫—ñ —ñ—Å—Ç–æ—Ä—ñ—ó –≤—ñ–¥ –ó–≥–∞–¥–∫–∏!"" 

https://t.co/OEV4JGD3S5

#–í—ñ–∫–Ω–æ–°—É—Å—ñ–¥–∏–ó–∞–≥–∞–¥–∫–∞ #–ú—ñ—Å—å–∫—ñ–Ü—Å—Ç–æ—Ä—ñ—ó #–°–ø–æ—Å—Ç–µ—Ä–µ–∂–µ–Ω–Ω—è  #–£—Ä–±–∞–Ω—ñ—Å—Ç–∏–∫–∞ #–ó–≥–∞–¥–∫–∞ #–§—É—Ç–±–æ–ª–∫–∞–ó–ü—Ä–∏–Ω—Ç–æ–º #–°—Ç–∏–ª—å–Ω–∏–π–û–±—Ä–∞–∑ #–ü—Ä–∏—Ö–æ–≤–∞–Ω–∏–π–ó–º—ñ—Å—Ç #–£–∫—Ä–∞—ó–Ω–∞ #–ü–æ–¥–∞—Ä—É–Ω–æ–∫–î–ª—è–°–ø–æ—Å—Ç–µ—Ä—ñ–≥–∞—á—ñ–≤ #–ñ–∏—Ç—Ç—è–ó–∞–í—ñ–∫–Ω–æ–º https://t.co/C9PMCssmHn",—Å–ø–æ—Ä—Ç,–ø–æ–ª—ñ—Ç–∏–∫–∞
"üåç 92% —É–∫—Ä–∞—ó–Ω—Ü—ñ–≤ –≤–≤–∞–∂–∞—é—Ç—å –∫–æ—Ä—É–ø—Ü—ñ—é —Å–µ—Ä–π–æ–∑–Ω–æ—é –∑–∞–≥—Ä–æ–∑–æ—é, –º–∞–π–∂–µ —Å—Ç—ñ–ª—å–∫–∏ –∂, —Å–∫—ñ–ª—å–∫–∏ –≤—ñ–π–Ω—É - 95%. –ß–∞—Å—Ç–∫–∞ —Ç–∏—Ö, —Ö—Ç–æ –≤–≤–∞–∂–∞—î –∫–æ—Ä—É–ø—Ü—ñ—é –¥—É–∂–µ –ø–æ—à–∏—Ä–µ–Ω–æ—é, –∑—Ä–æ—Å–ª–∞ –¥–æ 63%. #–°—É—Å–ø—ñ–ª—å—Å—Ç–≤–æ #–£–∫—Ä–∞—ó–Ω–∞ #–ö–æ—Ä—É–ø—Ü—ñ—è

https://t.co/Fnfa1UyAZ9",—Å–ø–æ—Ä—Ç,–ø–æ–ª—ñ—Ç–∏–∫–∞
"–ú—É–∑–∏–∫–∞ —Å–º–µ—Ä—Ç—ñ –Ω–µ –¥–∞–≤–∞–ª–∞ —Å–ø–∞—Ç–∏.
–ü—Ä–æ—Å–ø–∞–ª–∞ –µ–∫—Å–∫—É—Ä—Å—ñ—é...–≤—Å–µ —Ö—É–π–Ω—è, –∫–æ—Ä–æ—á–µ.
#–ö–∏—ó–≤  #—à–∞—Ö–µ–¥–∏ https://t.co/jihkzEiCcm",—Å–ø–æ—Ä—Ç,–ø–æ–ª—ñ—Ç–∏–∫–∞
"üá∫üá∏–°–ø–µ—Ü–ø—Ä–µ–¥—Å—Ç–∞–≤–Ω–∏–∫ –ø—Ä–µ–∑–∏–¥–µ–Ω—Ç–∞ –°–®–ê @SPE_Kellogg –Ω–∞–∑–≤–∞–≤ –æ–±–º—ñ–Ω –ø–æ–ª–æ–Ω–µ–Ω–∏–º–∏ –º—ñ–∂ –£–∫—Ä–∞—ó–Ω–æ—é —Ç–∞ –†–§ ""–Ω–∞–π–ø–æ–∑–∏—Ç–∏–≤–Ω—ñ—à–∏–º —Ä–µ–∑—É–ª—å—Ç–∞—Ç–æ–º"" –ø–µ—Ä–µ–≥–æ–≤–æ—Ä—ñ–≤ —É –°—Ç–∞–º–±—É–ª—ñ

#–æ–±–º—ñ–Ω #–ø–æ–ª–æ–Ω–µ–Ω—ñ #–≤—ñ–π–Ω–∞ #–£–∫—Ä–∞—ó–Ω–∞ #–ö–µ–ª–ª–æ–≥  

https://t.co/UTsRwGKgrL",–ø–æ–ª—ñ—Ç–∏–∫–∞,–ø–æ–ª—ñ—Ç–∏–∫–∞
"RT @adrozd83: –õ—É–∫‚Äô—è–Ω—ñ–≤–∫–∞. –ü–µ—Ä—à–∏–π –≤ –£–∫—Ä–∞—ó–Ω—ñ 'McDonald's', 24.05.1997 #–ö–∏—ó–≤ https://t.co/dpEX0emKPq",—Å–ø–æ—Ä—Ç,–µ–∫–æ–Ω–æ–º—ñ–∫–∞
#–£–∫—Ä–∞—ó–Ω–∞ #–°–ë–£ #–∑—Ä–∞–¥–∞ #–ü–∞–≤–ª–æ–ë—Ä–æ–π–¥–µ #–∞–≥–µ–Ω—Ç–∏–ö—Ä–µ–º–ª—è #–Ü—Ä–∏–Ω–∞–ö—Ä–µ–º–µ–Ω–æ–≤—Å—å–∫–∞ #–û–ª–µ–∫—Å—ñ–π–°–≤—è—Ç–æ–≥–æ #–∂–∏–≤–æ–¥–µ—Ä #–¥–æ–≥—Ö–∞–Ω—Ç–µ—Ä https://t.co/hVQZF2BoNJ,—Å–ø–æ—Ä—Ç,–µ–∫–æ–Ω–æ–º—ñ–∫–∞
RT @adrozd83: 24.05.2025 #–ö–∏—ó–≤ https://t.co/SnGrp367OB,—Å–ø–æ—Ä—Ç,–µ–∫–æ–Ω–æ–º—ñ–∫–∞
#–ö–∏—ó–≤ https://t.co/yII8RMpp1S,—Å–ø–æ—Ä—Ç,–µ–∫–æ–Ω–æ–º—ñ–∫–∞
"–î–∞–º–∞—Å–∫ –ø–æ–∑–∏—Ç–∏–≤–Ω–æ –≤—ñ–¥—Ä–µ–∞–≥—É–≤–∞–≤ –Ω–∞ –∑–º—ñ–Ω—É –∫—É—Ä—Å—É –°–®–ê.

#–Ω–æ–≤–∏–Ω–∏ #–ø–æ–ª—ñ—Ç–∏–∫–∞ #—Å–∏—Ä—ñ—è #—Å–∞–Ω–∫—Ü—ñ—ó #—Å—à–∞

https://t.co/MSjtaV08Zx",–ø–æ–ª—ñ—Ç–∏–∫–∞,–µ–∫–æ–Ω–æ–º—ñ–∫–∞
"RT @adrozd83: –í—ñ–¥–∫—Ä–∏—Ç—Ç—è –ø–µ—Ä—à–æ–≥–æ –≤ –£–∫—Ä–∞—ó–Ω—ñ ""McDonald's"", –±—ñ–ª—è —Å—Ç–∞–Ω—Ü—ñ—ó –º–µ—Ç—Ä–æ ""–õ—É–∫‚Äô—è–Ω—ñ–≤—Å—å–∫–∞"". –§–æ—Ç–æ: 24.05.1997 #–ö–∏—ó–≤ https://t.co/nCys3EHH4P",—Å–ø–æ—Ä—Ç,—Ç–µ—Ö–Ω–æ–ª–æ–≥—ñ—ó
"Tarantino üé¨üï∫üí• –§—É—Ç–±–æ–ª–∫–∞ ""–ö—Ä–∏–º—ñ–Ω–∞–ª—å–Ω–µ —á—Ç–∏–≤–æ. –¢–∞–Ω–µ—Ü—å ‚Äî –∫—É–ª—å—Ç–æ–≤–∏–π –ø—Ä–∏–Ω—Ç –≤—ñ–¥ –ó–≥–∞–¥–∫–∏!"" 

https://t.co/1a1afNHKo5

#–ö—Ä–∏–º—ñ–Ω–∞–ª—å–Ω–µ–ß—Ç–∏–≤–æ #PulpFiction #–ö—É–ª—å—Ç–æ–≤–∏–π–ü—Ä–∏–Ω—Ç #–¢–∞–Ω–µ—Ü—å #–ö—ñ–Ω–æ #–¢–∞—Ä–∞–Ω—Ç—ñ–Ω–æ #–õ–µ–≥–µ–Ω–¥–∞ #–ó–≥–∞–¥–∫–∞ #–§—É—Ç–±–æ–ª–∫–∞–ó–ü—Ä–∏–Ω—Ç–æ–º #–ö—É–ª—å—Ç–æ–≤–∏–π–û–±—Ä–∞–∑ #–£–∫—Ä–∞—ó–Ω–∞ #–ü–æ–¥–∞—Ä—É–Ω–æ–∫–ö—ñ–Ω–æ–º–∞–Ω—É #–ö—ñ–Ω–æ–ù–∞–∑–∞–≤–∂–¥–∏ https://t.co/QLxNCXkaIF",–∫—É–ª—å—Ç—É—Ä–∞,—Ç–µ—Ö–Ω–æ–ª–æ–≥—ñ—ó
"RT @MamedovGyunduz: –î–æ–±—Ä–æ–≥–æ —Ä–∞–Ω–∫—É, –£–∫—Ä–∞—ó–Ω–æ!
28440 –≥–æ–¥–∏–Ω –æ–ø–æ—Ä—É, –¥—è–∫—É—éüá∫üá¶
–ì—ñ–º–Ω #–£–∫—Ä–∞—ó–Ω–∞ —É –≤–∏–∫–æ–Ω–∞–Ω–Ω—ñ –í–ª–∞–¥–∏ –°—ñ–Ω—á—É–∫

Good morning, Ukraine! 
2844‚Ä¶",—Å–ø–æ—Ä—Ç,—Ç–µ—Ö–Ω–æ–ª–æ–≥—ñ—ó
RT @adrozd83: 24.05.2025 #–ö–∏—ó–≤ https://t.co/SnGrp367OB,—Å–ø–æ—Ä—Ç,—Ç–µ—Ö–Ω–æ–ª–æ–≥—ñ—ó
RT @U_Tribune: –§–æ—Ä–º–∞–ª—å–Ω–æ –ú–ü –Ω—ñ–±–∏—Ç–æ –Ω–µ –º–∞—î –∂–æ–¥–Ω–∏—Ö –ø—Ä–∞–≤ –Ω–∞ –ø–µ—Ä–µ–±—É–≤–∞–Ω–Ω—è –Ω–∞ —Ç–µ—Ä–∏—Ç–æ—Ä—ñ—ó –õ–∞–≤—Ä–∏ ‚Äì –∞–ª–µ —ó—Ö–Ω—ñ –ø—Ä–µ–¥—Å—Ç–∞–≤–Ω–∏–∫–∏ —Ç–∞–º –¥–æ—Å—ñ –∂–∏–≤—É—Ç—å —ñ —Å–ª—É–∂–∞—Ç—å ‚Äì‚Ä¶,—Ç–µ—Ö–Ω–æ–ª–æ–≥—ñ—ó,—Ç–µ—Ö–Ω–æ–ª–æ–≥—ñ—ó
RT @adrozd83: 24.05.2025 #–ö–∏—ó–≤ https://t.co/SnGrp367OB,—Å–ø–æ—Ä—Ç,–∫—É–ª—å—Ç—É—Ä–∞
RT @U_Tribune: –§–æ—Ä–º–∞–ª—å–Ω–æ –ú–ü –Ω—ñ–±–∏—Ç–æ –Ω–µ –º–∞—î –∂–æ–¥–Ω–∏—Ö –ø—Ä–∞–≤ –Ω–∞ –ø–µ—Ä–µ–±—É–≤–∞–Ω–Ω—è –Ω–∞ —Ç–µ—Ä–∏—Ç–æ—Ä—ñ—ó –õ–∞–≤—Ä–∏ ‚Äì –∞–ª–µ —ó—Ö–Ω—ñ –ø—Ä–µ–¥—Å—Ç–∞–≤–Ω–∏–∫–∏ —Ç–∞–º –¥–æ—Å—ñ –∂–∏–≤—É—Ç—å —ñ —Å–ª—É–∂–∞—Ç—å ‚Äì‚Ä¶,—Ç–µ—Ö–Ω–æ–ª–æ–≥—ñ—ó,–∫—É–ª—å—Ç—É—Ä–∞
"–ß–∏ –º–æ–∂–Ω–∞ –¥–æ–ø—É—Å—Ç–∏—Ç–∏, —â–æ–± –¥–µ–ø—É—Ç–∞—Ç–∏ –ø—Ä–∏–π–º–∞–ª–∏ –Ω—ñ–∫–æ–º—É –Ω–µ –ø–æ—Ç—Ä—ñ–±–Ω—ñ –∑–∞–∫–æ–Ω–∏, –≤–ø—Ä–æ–≤–∞–¥–∂—É—é—á–∏ –∑–∞—Å—Ç–∞—Ä—ñ–ª—ñ –ø—Ä–∞–∫—Ç–∏–∫–∏ —É–ø—Ä–∞–≤–ª—ñ–Ω–Ω—è? –Ø–∫ –ø–∏—à–µ –Ñ–≤–≥–µ–Ω –ö—É—Ä—ñ–ª–æ–≤ —É —Å—Ç–∞—Ç—Ç—ñ ¬´KPI –∑–∞–º—ñ—Å—Ç—å —Ä–µ–∞–ª—å–Ω–æ–≥–æ –ø–µ—Ä–µ–∑–∞–≤–∞–Ω—Ç–∞–∂–µ–Ω–Ω—è –ø–æ–¥–∞—Ç–∫–æ–≤–æ—ó?¬ª, —Ç–∞–∫–∞ –π–º–æ–≤—ñ—Ä–Ω—ñ—Å—Ç—å —ñ—Å–Ω—É—î.

#–∞–Ω–∞–ª—ñ—Ç–∏–∫–∞ #–µ–∫–æ–Ω–æ–º—ñ–∫–∞

https://t.co/X5h7rRRLcO",–µ–∫–æ–Ω–æ–º—ñ–∫–∞,–∫—É–ª—å—Ç—É—Ä–∞
"RT @WendenGall: –í–∞—à—ñ –¥—ñ—Ç–∏ –º–∞—é—Ç—å –≤–º–∏—Ä–∞—Ç–∏ –∑–∞ –Ω–∞—à–∏—Ö –¥—ñ—Ç–µ–π —Å—Ç–æ–ª—ñ—Ç—Ç—è–º–∏! ‚Äì‚Äì –∫–∞–∂–µ –∑–∞—Å—Ç—É–ø–Ω–∏–∫ –≥–æ–ª–æ–≤–∏ –û—Ñ—ñ—Å–∞ –ø—Ä–µ–∑–∏–¥–µ–Ω—Ç–∞ #–£–∫—Ä–∞—ó–Ω–∞.

–ú–∏, –≤–∞—à—ñ –∞—Ä–∏—Å—Ç–æ–∫—Ä–∞—Ç‚Ä¶",–ø–æ–ª—ñ—Ç–∏–∫–∞,–∫—É–ª—å—Ç—É—Ä–∞
RT @adrozd83: 24.05.2025 #–ö–∏—ó–≤ https://t.co/SnGrp367OB,—Å–ø–æ—Ä—Ç,–∫—É–ª—å—Ç—É—Ä–∞
